No,회사,제목,지역,상세보기
1,수외과의원,간호사 모집,경남 창원시 마산회원구,https://job.incruit.com/jobdb_info/jobpost.asp?job=2607080001925&src=etc*search
2,영지요양원,간호사 또는 간호조무사 모집,서울 중랑구,https://job.incruit.com/jobdb_info/jobpost.asp?job=2607080002693&src=etc*search
3,감동실버타운,간호사 채용,경북 구미시,https://job.incruit.com/jobdb_info/jobpost.asp?job=2607090001471&src=etc*search
4,보령시립노인전문병원,N keep 간호사,충남 보령시,https://job.incruit.com/jobdb_info/jobpost.asp?job=2607080004273&src=etc*search
5,대신재활요양원,간호사 모집,충북 청주시 청원구,https://job.incruit.com/jobdb_info/jobpost.asp?job=2607010000595&src=etc*search
6,수요양병원,병동간호사 모집,전남 광양시,https://job.incruit.com/jobdb_info/jobpost.asp?job=2607060004223&src=etc*search
7,파랑새마을재가센터,재활 방문 간호사 모집,서울 은평구,https://job.incruit.com/jobdb_info/jobpost.asp?job=2606260004043&src=etc*search
8,한사랑요양병원,QPS 간호사 채용,전북 전주시 완산구,https://job.incruit.com/jobdb_info/jobpost.asp?job=2607010004541&src=etc*search
9,성남은빛요양원,요양원 간호사 모집,경기 성남시 중원구,https://job.incruit.com/jobdb_info/jobpost.asp?job=2606290004306&src=etc*search
10,안양실버케어호계요양원,요양원  간호사  구인,경기 안양시 동안구,https://job.incruit.com/jobdb_info/jobpost.asp?job=2606300003576&src=etc*search
11,하나한방병원,간호사 모집합니다.,전북 익산시,https://job.incruit.com/jobdb_info/jobpost.asp?job=2607060004317&src=etc*search
12,바로마디정형외과내과의원,수술실 간호사 채용,경남 진주시,https://job.incruit.com/jobdb_info/jobpost.asp?job=2607070000908&src=etc*search
13,국공립아미2어린이집,(대체)간호사 및 간호조무사 모집합니다.,경기 이천시,https://job.incruit.com/jobdb_info/jobpost.asp?job=2607070004406&src=etc*search
14,삼농실버마을요양원,요양원 간호사 구인,서울 구로구,https://job.incruit.com/jobdb_info/jobpost.asp?job=2606250004337&src=etc*search
15,벧엘요양병원,야간(나이트) 전담 간호사,전북 전주시 덕진구,https://job.incruit.com/jobdb_info/jobpost.asp?job=2606290002235&src=etc*search
16,거제요양병원,거제요양병원 야간전담간호사 간호사님 구인합니다.,경남 거제시,https://job.incruit.com/jobdb_info/jobpost.asp?job=2607070003038&src=etc*search
17,한사랑요양병원,감염관리 간호사 채용,전북 전주시 완산구,https://job.incruit.com/jobdb_info/jobpost.asp?job=2607010004125&src=etc*search
18,차오름의원,간호사 선생님 구함,전남 담양군,https://job.incruit.com/jobdb_info/jobpost.asp?job=2606260004028&src=etc*search
19,강원도립강릉요양병원,정규직 병동간호사 모집,강원 강릉시,https://job.incruit.com/jobdb_info/jobpost.asp?job=2607010000944&src=etc*search
20,아름다운노인복지센터,[방문간호] 행정전담 간호사 모십니다.,경기 화성시 만세구,https://job.incruit.com/jobdb_info/jobpost.asp?job=2606290003277&src=etc*search
21,계룡편안한요양원,간호사님 모집합니다.,충남 논산시,https://job.incruit.com/jobdb_info/jobpost.asp?job=2606260003866&src=etc*search
22,시니어캐슬요양원,간호사선생님을 모십니다,경기 용인시 기흥구,https://job.incruit.com/jobdb_info/jobpost.asp?job=2606250003918&src=etc*search
23,사랑요양병원,"간호사 구인 , 사랑요양병원",부산 금정구,https://job.incruit.com/jobdb_info/jobpost.asp?job=2607090001472&src=etc*search
24,에이스노인전문요양원,요양원 간호사 모심,충북 청주시 흥덕구,https://job.incruit.com/jobdb_info/jobpost.asp?job=2606290000713&src=etc*search
25,한빛요양병원,D/E 간호사 구합니다.,경남 진주시,https://job.incruit.com/jobdb_info/jobpost.asp?job=2607090003868&src=etc*search
26,노블힐요양원,간호사/간호조무사 구인(요양원),경기 화성시 만세구,https://job.incruit.com/jobdb_info/jobpost.asp?job=2607080002988&src=etc*search
27,의료법인진우의료재단법인,간호사 선생님 모십니다.,충남 서산시,https://job.incruit.com/jobdb_info/jobpost.asp?job=2607030003458&src=etc*search
28,(의)청해의료재단,늘푸른요양병원  병동 간호사,경북 경주시,https://job.incruit.com/jobdb_info/jobpost.asp?job=2607030001614&src=etc*search
29,노블레스요양병원,3교대 근무 간호사 모집,전남 나주시,https://job.incruit.com/jobdb_info/jobpost.asp?job=2606300001629&src=etc*search
30,노블레스요양병원,병동 나이트전담간호사 모집,전남 나주시,https://job.incruit.com/jobdb_info/jobpost.asp?job=2606300001630&src=etc*search
31,보령시립노인전문병원,N keep 간호사,충남 보령시,https://job.incruit.com/jobdb_info/jobpost.asp?job=2607080004273&src=etc*search
32,수외과의원,간호사 모집,경남 창원시 마산회원구,https://job.incruit.com/jobdb_info/jobpost.asp?job=2607080001925&src=etc*search
33,영지요양원,간호사 또는 간호조무사 모집,서울 중랑구,https://job.incruit.com/jobdb_info/jobpost.asp?job=2607080002693&src=etc*search
34,감동실버타운,간호사 채용,경북 구미시,https://job.incruit.com/jobdb_info/jobpost.asp?job=2607090001471&src=etc*search
35,수요양병원,병동간호사 모집,전남 광양시,https://job.incruit.com/jobdb_info/jobpost.asp?job=2607060004223&src=etc*search
36,대신재활요양원,간호사 모집,충북 청주시 청원구,https://job.incruit.com/jobdb_info/jobpost.asp?job=2607010000595&src=etc*search
37,국공립아미2어린이집,(대체)간호사 및 간호조무사 모집합니다.,경기 이천시,https://job.incruit.com/jobdb_info/jobpost.asp?job=2607070004406&src=etc*search
38,한사랑요양병원,QPS 간호사 채용,전북 전주시 완산구,https://job.incruit.com/jobdb_info/jobpost.asp?job=2607010004541&src=etc*search
39,거제요양병원,거제요양병원 야간전담간호사 간호사님 구인합니다.,경남 거제시,https://job.incruit.com/jobdb_info/jobpost.asp?job=2607070003038&src=etc*search
40,파랑새마을재가센터,재활 방문 간호사 모집,서울 은평구,https://job.incruit.com/jobdb_info/jobpost.asp?job=2606260004043&src=etc*search
41,바로마디정형외과내과의원,수술실 간호사 채용,경남 진주시,https://job.incruit.com/jobdb_info/jobpost.asp?job=2607070000908&src=etc*search
42,하나한방병원,간호사 모집합니다.,전북 익산시,https://job.incruit.com/jobdb_info/jobpost.asp?job=2607060004317&src=etc*search
43,성남은빛요양원,요양원 간호사 모집,경기 성남시 중원구,https://job.incruit.com/jobdb_info/jobpost.asp?job=2606290004306&src=etc*search
44,안양실버케어호계요양원,요양원  간호사  구인,경기 안양시 동안구,https://job.incruit.com/jobdb_info/jobpost.asp?job=2606300003576&src=etc*search
45,벧엘요양병원,야간(나이트) 전담 간호사,전북 전주시 덕진구,https://job.incruit.com/jobdb_info/jobpost.asp?job=2606290002235&src=etc*search
46,한사랑요양병원,감염관리 간호사 채용,전북 전주시 완산구,https://job.incruit.com/jobdb_info/jobpost.asp?job=2607010004125&src=etc*search
47,순천생협요양병원,"요양병원 병동 3교대 간호사 모집, 병동 수간호사 모집, 간호조무사 모집",전남 순천시,https://job.incruit.com/jobdb_info/jobpost.asp?job=2607070000826&src=etc*search
48,삼농실버마을요양원,요양원 간호사 구인,서울 구로구,https://job.incruit.com/jobdb_info/jobpost.asp?job=2606250004337&src=etc*search
49,강원도립강릉요양병원,정규직 병동간호사 모집,강원 강릉시,https://job.incruit.com/jobdb_info/jobpost.asp?job=2607010000944&src=etc*search
50,계룡편안한요양원,간호사님 모집합니다.,충남 논산시,https://job.incruit.com/jobdb_info/jobpost.asp?job=2606260003866&src=etc*search
51,차오름의원,간호사 선생님 구함,전남 담양군,https://job.incruit.com/jobdb_info/jobpost.asp?job=2606260004028&src=etc*search
52,아름다운노인복지센터,[방문간호] 행정전담 간호사 모십니다.,경기 화성시 만세구,https://job.incruit.com/jobdb_info/jobpost.asp?job=2606290003277&src=etc*search
53,에이스노인전문요양원,요양원 간호사 모심,충북 청주시 흥덕구,https://job.incruit.com/jobdb_info/jobpost.asp?job=2606290000713&src=etc*search
54,(의)청해의료재단,늘푸른요양병원  병동 간호사,경북 경주시,https://job.incruit.com/jobdb_info/jobpost.asp?job=2607030001614&src=etc*search
55,의료법인 경림의료재단 고성요양병원,고성요양병원 [3교대 간호사] 구인,경남 고성군,https://job.incruit.com/jobdb_info/jobpost.asp?job=2606290004999&src=etc*search
56,시니어캐슬요양원,간호사선생님을 모십니다,경기 용인시 기흥구,https://job.incruit.com/jobdb_info/jobpost.asp?job=2606250003918&src=etc*search
57,사랑요양병원,"간호사 구인 , 사랑요양병원",부산 금정구,https://job.incruit.com/jobdb_info/jobpost.asp?job=2607090001472&src=etc*search
58,가람한방양방병원,계약직 간호사 모집합니다.,전북 전주시 덕진구,https://job.incruit.com/jobdb_info/jobpost.asp?job=2606290003240&src=etc*search
59,동두천중앙성모병원,동두천중앙성모병원 간호사 채용,경기 동두천시,https://job.incruit.com/jobdb_info/jobpost.asp?job=2607060004530&src=etc*search
60,한빛요양병원,D/E 간호사 구합니다.,경남 진주시,https://job.incruit.com/jobdb_info/jobpost.asp?job=2607090003868&src=etc*search
